doc_id,text,is_green_human
9447102,"1. A compound of Formula 1: wherein R is selected from the group consisting of: wherein the alkyl, heteroalkyl, carbocyclyl and heterocyclyl may be further substituted; Y is E is oxygen, Z is X n is an integer from 0 to 2; m is an integer from 0 to 2; m′ is an integer from 0 to 2; W is selected from the group consisting of:",0
8607927,"1. A multilayer laminate for use as a flame barrier comprising (i) a first polymeric film layer capable of withstanding a temperature of at least 200 C for at least 10 min, (ii) a first adhesive layer having an areal weight of from 2 to 40 gsm capable of activation at a temperature of from 75 to 200 degrees C., (iii) an inorganic refractory layer, (iv) a second adhesive layer having an areal weight of from 2 to 40 gsm capable of activation at a temperature of from 75 to 200 degrees C., and (v) a second polymeric film layer capable of withstanding a temperature of at least 200 C for at least 10 min, wherein at least one of the first or second polymeric film layers is thermoplastic;",1
8984809,"1. Apparatus for converting a door operator which controls an automatic motorized door utilizing photo eye obstruction sensing to provide a signal to said operator of an obstruction of the door being controlled, said signal being of a given amplitude, periodicity and duty cycle, to operate with a switch sensing edge which switches between an open or closed condition dependent on the switch sensing edge contacting an obstruction, switch sensing edge being placed along an edge of the door, said apparatus comprised of: means to connect the switch sensing edge to the apparatus; means to sense an open or closed condition of the switch sensing edge; means to monitor the switch sensing edge continuously to determine whether the switch is connected to the apparatus and in an open or closed state of continuity; means to convert the electrical power available from the door operator for use with said switch sensing edge and the apparatus; output means for generating the periodic signal of a desired amplitude, period and duty cycle to correspond to the amplitude, period and duty cycle of the signal from a photo eye obstruction sensor which the apparatus is replacing; whereby the apparatus senses an open or closed condition of the said edge sensing switch and converts an open or closed condition input condition of the switch to said signal of the desired amplitude, period and duty cycle which simulates the signal which would be expected by the door operator if said operator was operated by the said photo-eye obstruction sensor.",1
8809354,"1. A pharmaceutical composition comprising a compound 3-amino-2-(4-nitrophenyl)-4-(3H)-quinazolinone or a pharmaceutically acceptable salt or ester thereof, in combination with one or more other antiviral agents, and one or more pharmaceutically acceptable carriers, excipients or diluents.",0
9227385,"1. A method for processing a translucent rigid substrate laminate comprising the steps of: preparing a translucent rigid substrate laminate by adhering two or more translucent rigid substrates with photocurable adhering agent; fixing the laminate to a cradle with adhesive X, adhesive Y, or combination thereof described below; <adhesive X> an adhesive composition, which contains (A′) polyfunctional (meth)acrylate, (B′) monofunctional (meth)acrylate, (C′) organic peroxide, and (D′) decomposition accelerator of the organic peroxide, in which total mass of the constituents (A′), (B′), (C′), and (D′) occupies 90% by mass or more of the composition <adhesive Y> an adhesive composition, which contains (A) polyfunctional (meth)acrylate, (B) monofunctional (meth)acrylate, and (C) photopolymerization initiator, in which total mass of the constituents (A), (B), and (C) occupies 90% by mass or more of the composition performing processing A for cutting the laminate, which is fixed to the cradle, in a thickness direction and forming a desired number of divided translucent rigid substrate laminates, or performing desired outline processing B on the laminate which is fixed to the cradle; and peeling the processed translucent rigid substrate laminate from the cradle by applying external force without heating the translucent rigid substrate laminate at 40° C. or more, wherein the processing B is performed, and the adhesive X and the adhesive Y are applied to the cradle and/or the bonding planes of the laminates in an application pattern in which the adhesive Y surrounds the adhesive X.",1
8862301,"1. An inverted pendulum type vehicle including at least a first moving operation unit operable to move on said floor surface, a first actuator device for driving the first moving operation unit, a base assembled with the first moving operation unit and the first actuator device, and an occupant boarding member assembled to the base so as to be tiltable with respect to a vertical direction, the first moving operation unit being configured to move in all directions including a forward-rearward direction and a left-right direction of an occupant boarded on the occupant boarding member by a driving force of the first actuator device, the inverted pendulum type vehicle comprising: a second moving operation coupled to one of the first moving operation unit and the base such that an interval is formed between the second moving operation unit and the first moving operation unit in the forward-rearward direction, said second moving operation unit being configured to move on the floor surface in all the directions; a second actuator device for generating a driving force for making at least the second moving operation unit move in the left-right direction; and a control device for performing a turning processing for controlling the first actuator device and the second actuator device such that the second moving operation unit has a different velocity from the first moving operation unit in the left-right direction when the occupant boarded on the occupant boarding member performs a predetermined steering operation of steering the inverted pendulum type vehicle for turning the inverted pendulum type vehicle; wherein: the control unit determines that the predetermined steering operation was performed based on at least one of a turning command output from a joystick or a tilting of the occupant boarding member for turning, and the control device performs the turning processing when the predetermined steering operation is performed, and also when at least an external force application state of an external twisting force for turning the inverted pendulum type vehicle about a substantially vertical yaw axis thereof is applied to the inverted pendulum type vehicle.",1
8527189,"1. A method for detecting electric dropouts during transmission of an electric signal representative of a magnitude detected by a sensor to an electronic control unit associated with an engine, comprising: a) measuring the electric signal as a raw signal; b) filtering the raw signal based on speed of change of the raw signal so as to obtain a filtered signal; c) calculating, for a constant time pitch, |raw signal−filtered signal|, as an absolute value of the difference between the raw signal and the filtered signal; d) comparing the absolute value with a predetermined threshold of maximum variation; e) when the absolute value is higher than the predetermined threshold of maximum variation, declaring a dropout state; and f) otherwise, reiterating the preceding operations, wherein in b) the filtering compares the speed of change of the signal with a predefined maximum speed, and assigns the filtered signal, if the speed of change of the signal is faster than the maximum speed, a predefined value which corresponds to the predefined maximum speed, and when the speed of change of the raw signal increases, the speed of change of the raw signal is compared with the predefined maximum speed, and when the speed of change of the raw signal decreases, the speed of change of the raw signal is compared with the predefined maximum speed.",1
8383451,"1. A method, comprising: providing a substrate suitable for use in a photovoltaic device; plasma spraying one or more layers over the substrate, the average grain size of the grains in each of the one or more layers being at least approximately two times greater than the thickness of the respective layer, wherein a grain size of a grain is a measure of a dimension of the respective grain along a plane parallel to the one or more layers and wherein the thickness of a respective layer is a measure of a dimension of the respective layer along a plane perpendicular to the one or more layers; and after one or more of the one or more layers are plasma-sprayed, subjecting the one or more of the one or more plasma-sprayed layers to one or more thermo-processes.",1
9469392,"1. A method of folding and unfolding a wing, the method comprising: rotating an unfixed portion of the wing with respect to a fixed portion of the wing between a flight position of the wing and a folded position of the wing; securing, about a rotation axis in a lower-side of the fixed portion of the wing, a rotating portion of a latch assembly, to the fixed portion, the rotating portion connecting to a rotation bar that rotates, the rotating portion comprising a slot; securing a secured portion, comprising a latch bar, of the latch assembly to a lower-side of the unfixed portion of the wing; and rotating, between an open position of the latch assembly and a closed position of the latch assembly, the rotating portion of the latch assembly, via moving a latch actuator connecting to the rotation bar at a lug that rotates about the rotation axis, the rotation bar being radially offset from the rotation axis and located between the lug and the slot.",1
9842862,"1. A manufacturing method of a flexible electronic structure formed by a carrier separation process, comprising steps of: providing a carrier; attaching a flexible substrate to the carrier; forming a plurality of touch-sensing units coplanarly on the flexible substrate, wherein a first interval region is formed between the adjacent touch-sensing units; coplanarly forming at least one first anti-interference spot within the first interval region, wherein a distance is between the at least one first anti-interference spot and the adjacent touch-sensing unit; coplanarly forming a ground unit with the plurality of touch-sensing units, wherein the grounding unit and the adjacent touch-sensing unit have a second interval region therebetween; forming at least one second anti-interference spot within the second interval region, wherein both the plurality of touch-sensing units and the ground unit are disposed coplanarly with the at least one second anti-interference spot; and separating the flexible substrate from the carrier.",1
8994429,"1. An apparatus, comprising: an input circuit configured to generate complement data dependent upon received data; an output circuit configured to store the complement data dependent upon a clock signal; a clock circuit configured to generate one or more internal clocks dependent upon the clock signal and the complement data, wherein the one or more internal clocks include a first internal clock and second internal clock; and a feedback circuit configured to maintain a data state of the complement data dependent upon the one or more internal clocks; wherein the input circuit includes a pull-up network and a pull-down network, wherein the pull-up network is enabled by the second internal clock and the pull-down network is enabled by the first internal clock.",1
9306912,"1. A system for managing tunneled endpoints, comprising: a processor; and a memory coupled to the processor, the memory comprising a module for managing tunneled endpoints that, when executed by the processor, causes the processor to:",0
9723727,"1. A modular electronic instrumentation platform chassis for use with a plurality of instrumentation modules and comprising: a frame defining a module area and a non-module area, the module area comprising a plurality of slots open to a front of the frame and configured to receive instrumentation modules therein; a front panel carried by the frame on the front of the frame adjacent the plurality of slots; a chassis power unit carried by the frame in the non-module area and configured to provide power to the plurality of instrumentation modules received in the slots; and a reference clock unit carried by the frame in the non-module area and configured to provide a low phase-noise reference clock for the plurality of instrumentation modules received in the slots, the reference clock unit comprising: vibration dampening mounts that mount the reference clock unit to the frame, a power supply circuitry enabling electrical isolation of the reference clock unit from the chassis power unit, a reference clock circuitry, a shield to isolate the power supply circuitry from the reference clock circuitry, and a plurality of reference clock outputs mounted in the front panel and coupled to the reference clock circuitry.",1
8597928,"1. An isolated bacteriophage having a specific bactericidal activity against one or more Salmonella bacteria selected from the group consisting of Salmonella enteritidis, Salmonella typhimurium, Salmonella gallinarum and Salmonella pullorum , which is deposited under accession number KCCM11148P.",0
8613191,"1. An arrangement for the heat transfer between a tubular body suitable for conducting a fluid and a contact body that is in contact with said tubular body, wherein the contact body comprises a contact side facing the tubular body, with which the contact body with an outside facing the contact body is in contact with the tubular body, wherein in a tensioned state of the arrangement a preload force presses the contact body against the tubular body in a preload direction, wherein the outside in an un-tensioned state of the arrangement is convexly curved towards the contact body, wherein the outside in the tensioned state is deformed relative to the un-tensioned state and bears surface-to-surface against the contact side, wherein in the interior of the tubular body a support structure is arranged, which in the tensioned state supports itself on two inner sides of the tubular body located opposite each other in the preload direction.",0
9711196,"1. A computing device apparatus providing non-volatile logic based computing, the apparatus comprising: a plurality of non-volatile logic element array domains wherein at least one of the non-volatile logic element array domains comprises two or more non-volatile logic element arrays; a plurality of volatile storage elements; at least one non-volatile logic controller configured to control the plurality of non-volatile logic element array domains to store a machine state represented by the plurality of volatile storage elements and to read out a stored machine state from the plurality of non-volatile logic element array domains to the plurality of volatile storage elements; wherein the at least one non-volatile logic controller is further configured to read configuration bits that direct which of the plurality of non-volatile logic element array domains are enabled first in response to the computing device apparatus's entering a wakeup or backup mode; wherein the at least one non-volatile logic controller is further configured to read configuration bits that direct an order in which the first enabled of the plurality of non-volatile logic element array domains are restored or backed up in response to the computing device apparatus's entering a wakeup or backup mode;",1
9244718,"1. An information processing device comprising: a processor; a connection time determination unit, executing on said processor, which calculates, for each first virtual machine, a time slot coverage rate that is a fraction of a time covered by a high-load time slot of said first virtual machine among a connection time slot of said each first virtual machine obtained from a connection history between each of a plurality of said first virtual machines and a client, determines whether said calculated time slot coverage rate exceeds a minimum coverage rate determined as a lower limit of said time slot coverage rate, and determines said first virtual machine having said time slot coverage rate corresponding to said first virtual machine determined to exceed said minimum coverage rate as a second virtual machine; and a disposition plan generating unit which calculates a number of physical servers necessary to hold said second virtual machines in each of said high-load time slot and a low-load time slot that is a time slot other than said high-load time slot based on resource use amount data chronologically indicating amounts of resource use of said second virtual machines, and outputs said calculated number and said second virtual machines by associating said number to said virtual machines.",1
8625297,"1. A package structure comprising a substrate, a plurality of electronic components configured and structured on the substrate, a plurality of metal resilient units electrically connected to the substrate, and an encapsulation body encapsulating the plurality of electronic components and the plurality of resilient units together with the substrate; wherein each of the plurality of metal resilient units comprises a metal resilient element, and a first metal sheet and a second metal sheet respectively located at two ends of the metal resilient element, the first metal sheet is electrically connected to the substrate, and the second metal sheet is exposed out of an exterior surface of the encapsulation body; and wherein the resilient capability of the metal resilient element prevents epoxy resin from covering the second metal sheet to keep the second metal sheet in a stationary position of being exposed out of the exterior surface of the encapsulation body.",1
9809663,"1. A catalyst component for olefin polymerization, comprising reaction products of the following components: (1) a solid component; (2) at least one titanium compound; and (3) at least two internal electron donors; wherein the solid component comprises a magnesium compound represented by formula (1) and an epoxide represented by formula (2), wherein, R I is a C 1 -C 12 linear or branched alkyl; R II and R III are identical or different, and are independently hydrogen or unsubstituted or halogen-substituted C 1 -C 5 linear or branched alkyl; X is halogen; m is in a range of from 0.1 to 1.9, n is in a range of from 0.1 to 1.9, and m+n=2; wherein the content of the epoxide represented by the formula (2) is in a range of from 0.01 to 0.8 moles per mole of the magnesium compound represented by the formula (1); and wherein the solid component is obtained by reacting a magnesium halide-alcohol adduct solution with the epoxide represented by the formula (2) in the presence of at least one polymeric dispersion stabilizer.",1
9366165,"1. A liquid removal module ( 1 ) for removing liquid from a liquid tank ( 18 ), comprising a main body ( 2 ) which can be arranged in and/or on the liquid tank ( 18 ) and has a liquid removal device ( 36 ) with at least one removal opening ( 7 ) which can be associated with the tank interior ( 27 ) and bears at least one filter element ( 9 ) associated with the removal opening ( 7 ), wherein the filter element ( 9 ) which is elastically deformable at least in regions is arranged/formed such that it has at least one bulge ( 17 ) oriented opposite the removal flow direction ( 26 ), wherein for introduction of the liquid removal module ( 1 ) into the liquid tank ( 18 ), the main body ( 2 ) comprises a flange part ( 3 ) for closing a tank opening ( 20 ) of the liquid tank ( 18 ) and a removal part ( 4 ) protruding into the tank interior ( 27 ), wherein the filter element ( 9 ) comprises a filter carrier ( 30 ), and wherein at least one of the filter carrier and the removal part ( 4 ) is formed as a heating element ( 11 ).",1
9446628,"1. A tire for a motorized two-wheeled vehicle comprising: a reinforcing structure of the carcass type, made up of reinforcing elements, anchored on each side of the tire to a bead the base of which is adapted to be mounted on a rim seat, each bead being extended radially outward by a sidewall, the sidewalls radially toward the outside joining to a tread comprising incisions, wherein a length of each incision is less than 1.2 times a width of a surface of the contact patch and wherein at least one incision has at least one end which ends in a cut in the tread the width of which is greater than 2.5 mm and the length of which is between 2.5 and 10 mm, wherein an apparent area of the incisions is greater than the apparent area of the cuts in the tread the width of which is greater than 2.5 mm and the length of which is between 2.5 and 10 mm, wherein the apparent area of the cuts in the tread of which the width is greater than 2.5 mm and of which the length is between 2.5 and 10 mm is less than 75% of the apparent area of the incisions, and wherein at least 50% of the respective ends of the incisions terminate in a cut in the tread of which the width is greater than 2.5 mm, and wherein the ends of an incision of which the length is greater than 0.7 times the width of the area of the contact patch end in a cut in the tread of which the width is greater than 2.5 mm.",1
8782593,"1. A method comprising: retrieving a first component information of a secured portion of a package, wherein the first component information is encrypted, and wherein the step of retrieving comprises decrypting the first component information; generating a thermal resistance-network (R-network) from the decrypted first component information; and generating a temperature map of the package using the thermal R-network and a second component information of an unsecured portion of the package, wherein the secured portion and the unsecured portion are bonded to each other, wherein the step of generating the temperature map is performed by a computer.",0
8983321,"1. A fluid delivery system usable with a liquid electrophotography printing apparatus, the system comprising: a fluid chamber configured to store fluid having at least charge directors and a carrier liquid; a charge reducing unit in communication with the fluid chamber, the charge reducing unit configured to decrease a charge level of the fluid of the fluid chamber, and the charge reducing unit configured to reduce a concentration of an amount of the charge directors in the fluid of the fluid chamber by removing the charge directors from the fluid; and a charge control unit in communication with the fluid chamber and the charge reducing unit, the charge control unit configured to control the charge level of the fluid based on a detection of at least one fluid parameter corresponding to the charge level of the fluid of the fluid chamber.",1
9344033,"1. A variable capacitance circuit comprising: a plurality of variable capacitance elements each having a capacitance value controlled by an inter-terminal voltage applied between terminals of the variable capacitance element, and connected in parallel to each other; and a control section adapted to control the inter-terminal voltage of each of the plurality of variable capacitance elements, wherein: a variable characteristic of a combined capacitance value of the plurality of variable capacitance elements becomes variable taking a predetermined capacitance value as a base, the inter-terminal voltage of at least one of the plurality of variable capacitance elements is set to a first voltage as a variable voltage, the inter-terminal voltage of the rest of the plurality of variable capacitance elements is set to a second voltage as a stationary voltage, the second voltage takes a voltage higher than a minimum voltage value of the variable voltage and lower than a maximum voltage value of the variable voltage, the control section controls the inter-terminal voltage of each of the plurality of variable capacitance elements to be set to one of the first voltage and the second voltage, and the control section includes a switch adapted to exclusively select one of the first voltage and the second voltage.",1
9558960,"1. A substrate processing method comprising: a coating step that applies a coating liquid to a substrate having a front surface on which a pattern is formed, thereby forming a coating film on the substrate; a film removing step that heats the substrate to gasify components of the coating film thereby to reduce a thickness of the film; and a film curing step that is performed after or simultaneously with the film removing step and that heats the substrate to cure the coating film through crosslinking reaction, wherein the film removing step is performed under conditions ensuring that an average thickness of the cured coating film is not greater than 80% of an average thickness of the coating film before being subjected to the film removing step.",1
8400020,"1. A system, comprising: a source high-Q resonator, configured to be coupled to an energy source, the source high-Q resonator having a resonant frequency ω a second high-Q resonator, located a variable distance from the source resonator, the second high-Q resonator having a resonant frequency ω wherein the source resonator and the second resonator are configured to be coupled to wirelessly transfer electromagnetic energy from said source resonator to said second resonator over a distance D that is smaller than each of the resonant wavelengths λ",1
9274047,"1. A method comprising, in combination: (a) using an active imaging system to generate structured illumination, which active imaging system includes a light sensor and a light source; (b) using the light sensor to capture transient light response data regarding reflections of light that is emitted by the light source and reflected from an occluded surface; and (c) using one or more processors to process the transient light response data and data regarding the structured illumination to calculate a reflectance spectra map of the occluded surface; wherein the light source is wavelength-resolved and wavelength-tunable.",1
8753426,"1. A polymeric material comprising repeating units of the following Formulae I-III: wherein: Formula I can be connected to Formula II or III, but can not be connected to itself; Formula II can be connect to Formula I or III, but can not be connected to itself; and Formula III can be connected to Formula I or II or itself, wherein: Ar a) a tetravalent arylene group having 6 to 24 carbon atoms which is unsubstituted or substituted with at least one substituent selected from the group consisting of C b) a tetravalent C c) two or more of Ar Ar a) a C b) a C c) two or more of Ar Ar 1 and Ar 2 can be identical or different arylene or heteroarylene ring structures relative to each other; Ar Ar X and Y are identical or different from each other, and are selected from O, S, NH, and NR, wherein R is a substituted or un-substituted C",0
9356831,"1. A method comprising: under control of a node of a network configured with computer-executable instructions: selecting, by the node, a first mode of communication for the node of the network; communicating, by the node, via the first mode of communication; responsive to determining, by the node, a first condition, selecting, by the node, a second mode of communication for use by the node to communicate, wherein the selecting, by the node, the second mode of communication comprises: communicating, by the node, via the second mode of communication; searching, by the node, a predetermined priority listing to determine a higher priority mode of communication, the predetermined priority listing including a mesh network mode being designated higher priority than a star network mode, the star network mode being designated higher priority than a mobile mode; determining whether the higher priority mode of communication has a lower cost of communication than the second mode of communication; and upon determining that the higher priority mode of communication has a lower-cost of communication than the second mode, communicating, by the node, via the higher priority mode of communication.",1
9648190,"1. A printing apparatus comprising: a near field communicator; a display; and a controller that controls the printing apparatus, wherein when the near field communicator detects an external device, the near field communicator obtains authentication data from the external device and outputs a predetermined signal, the controller starts, in response to the predetermined signal, a returning process for causing the printing apparatus to return from a power saving mode, the controller performs, when the returning process is completed, user authentication by using the authentication data obtained by the near field communicator, the display performs a first display while the controller performs the returning process, and the display performs a second display when the returning process is completed.",1
8729769,"1. An electromechanical device comprising: a center shaft; a rotor having a rotor magnet disposed around an outer periphery of the center shaft; and a stator disposed on an outer periphery of the rotor, wherein the center shaft is formed of a carbon-fiber-reinforced plastic, and when projection is performed in a radial direction from the center shaft toward the rotor magnet, an angle between a direction of carbon fiber in the carbon-fiber-reinforced plastic and a direction of the center shaft is 45°.",1
8600418,"1. A relay customer premises equipment (RCPE) for cell information exchange between base stations (BSs), the RCPE comprising: a first transceiver which receives cell information from a first BS located in a first cell, by using a first antenna directed to the first BS; and a second transceiver which transmits the cell information to a second BS located in a second cell by using a second antenna directed to a neighboring RCPE in communication with the second BS, and wherein the first cell does not overlap with the second cell.",1
9790329,"1. A composition comprising a polymer comprising repeat unit (A′) and repeat unit (B), as represented by the following structures:",1
9353669,"1. An error releasing device for a work vehicle to release an error related to an exhaust gas treatment system when the error related to the exhaust gas treatment system has occurred, and an engine output limiting control has been executed, comprising: an input unit configured to input at least a one-time password; an authentication unit including a processing algorithm common with a processing algorithm of an external device that generates the one-time password, and configured to authenticate the input one-time password by using the processing algorithm; and an error release processing unit configured to release the engine output limiting control by releasing the error related to the exhaust gas treatment system when the one-time password acquired from the external device by using inquiry information obtained through a predetermined operating procedure is input and further the one-time password is authenticated by the authentication unit.",1
9848282,"1. A method of communicating data in a wireless communication system including a sever communicating with a plurality of devices, the method comprising: determining, by a first device which operates as a gateway mode and which belongs to a first network, whether the first device is able to discover a second network; if the first device is unable to discover the second network, transmitting, by the first device, a discovery request message to a second device, which belongs the first network and which operates as an entity mode; in response to the discovery request message, receiving, by the first device from the second device, a discovery response message including information on a third device belonging to the second network; and transmitting, by the first device to the second device, a bridge request message to enable the second device operates as a bridge for coupling the first network and the second network, wherein a device operating as the entity mode communicates with the server via a device operating as the gateway mode.",1
8388850,"1. A water treatment system, comprising: a UV treatment section for applying UV light to the water, wherein the UV treatment section comprises a tray for flow of water in a first direction from an input end to an output end, the tray having sides extending in the first direction, and wherein there are a plurality of elongate UV lights are disposed above a water receiving portion of the tray and extending in a second direction transverse to the first direction across the tray so as to extend to proximate the sides; and a plurality of plates, each plate being disposed in the second direction in the tray and centered below a corresponding one of the UV lights, and each plate having a plurality of perforations there across, wherein the perforations are configured to create turbulent flow to slow flow at the perforations at locations in the tray closest to each of the UV lights where light from the UV lights is at its strongest, the plates extending across the tray to the sides.",1
8361518,"1. A concentrate [1] obtained by centrifugation or decantation of crude olive pomace oil characterized in that it comprises a step a) of filtration of the starting crude olive pomace oil carried out through filters having a pore size comprised in the interval of 0.1 to 20 microns and a temperature below 70° C., characterized in that the concentrate has a concentration of triterpenic acids above 20%.",1
8853228,"1. A compound of Formula V wherein R is selected from the group consisting of H, C wherein R wherein A and B are each independently selected from the group consisting of hydrogen, C wherein one of V and W is a methoxy group and the other is selected from the group consisting of hydrogen, C wherein two of J, L, and M, are selected from the group consisting of hydrogen, C wherein the other of J, L, and M is a substituent selected from the group consisting of piperidine, perhydropyrimidine, morpholine, pyridine, pyrimidine, indole, isoindole, quinoline, isoquinoline, oxazole, thiazole, and imidazole, wherein the piperidine, perhydropyrimidine, morpholine, pyridine, pyrimidine, indole, isoindole, quinoline, isoquinoline, oxazole, thiazole, or imidazole itself may be optionally substituted one or more times with C or a pharmaceutically acceptable salt thereof.",1
8736501,"1. A multi-band antenna comprising: two conductive wirings, which are substantially parallel to each other; and a plurality of unit circuits cascaded along the two conductive wirings, each of the unit circuits including: the first inductor, the first capacitor, the second inductor, the second capacitor, a third inductor disposed in series with at least one of the two conductive wirings, and a third capacitor disposed between the two conductive wirings satisfy a relationship expressed by a following expression 1:",1
8722046,"1. A composition comprising a combination of F1 and V antibodies, wherein said F1 antibodies comprise an F1 antibody having the amino acid sequence of SEQ ID NO: 3, SEQ ID NO:5, or an antibody fragment that retains the complimentarity determining regions (CDRs) of SEQ ID NO: 3, SEQ ID NO:5.",1
8472159,"1. A method to impart an electrostatic charge to particles comprising: providing a plurality of particles to be charged; providing a first electrode array comprising a plurality of three or more electrodes spaced apart, the first electrode array having a first end and a second end, the second end being closer to a receiving surface than the first end, and each electrode comprising a major surface, wherein the major surfaces of the plurality of electrodes are generally coplanar with each other; providing a plurality of nanostructures disposed over the first electrode array; providing a multi-phase voltage source operatively coupled to the first electrode array; applying a multi-phase voltage to the first electrode array to create a traveling electric field between each electrode of the first electrode array, thereby causing electron emission from the plurality of nanostructures and forming a plurality of charged particles; controlling an amount of electrostatic charge imparted to the plurality of particles by adjusting a frequency and/or a magnitude of the traveling electric field between each electrode of the first electrode array; and transporting the plurality of charged particles from the first end to the second end using the traveling electric field onto the receiving surface, wherein the traveling electric field imparts a force on the plurality of charged particles in at least one direction from the first end to the second end.",1
8539507,"1. A computer system having a service oriented architecture and which is adapted to run at least one channel dependent business service application, the computer system comprising: one or more channel dependent client layer upon which the channel dependent business service application will be run; one or more channel independent service layer which comprises a plurality of channel independent business services and a data services layer; and an integration layer comprising a business service invocation framework for receiving a request for service message from the at least one client layer, a message router adapted to send the request for service message to the at least one service layer which is adapted to read the request message and in response to build a channel dependent business service application to run on a channel dependent client layer; wherein the request is generated by a message generator and has a header that enables the routing of the message through the system; wherein the message has a context chain identifier that allows a position of the message within a chain of messages to be identified; wherein the system further comprises a system manager which comprises a logging mechanism for detecting and recording logging events associated with system activity; and wherein the logging mechanism is configurable so that different event types are logged; and wherein the integration layer is configured to map a name of a service onto a name and version of the business service and routes the message onto a queue.",1
8664560,"1. An apparatus for abating fluorocarbons in gas reaction products from a vacuum processing chamber comprising: a dielectric tube in fluid communication with an outlet port of the vacuum processing chamber; a coil disposed around the dielectric tube; and an RF source, connected to the coil, wherein the coil is adapted to dissociate fluorocarbons in the gas into smaller molecules upon receiving RF energy from the RF source, and wherein the RF source is adapted to provide sufficient RF energy for such dissociation.",1
8720271,"1. A device to balance a disc, comprising: (a) a rotor (b ) a shaft extending solely from one side of the rotor and having one end adapted to coaxially receive the disc: a stator axially spaced from another side of the rotor and shaft to magnetically drive the rotor, shaft and disc about the axis; and (d) means for determining imbalance in the disc.",0
8820411,"1. A deepwater blow out throttling apparatus for use with at least one riser pipe oil discharge flow, said apparatus comprising: a diffusion transition spool section, said transition spool section comprising a feed orifice and an exit orifice assembly, said feed orifice having a surface area less than said exit orifice assembly, said exit orifice assembly comprising between one and four orifices aligned along a horizontal plane; at least one throttling device proximate to said exit orifice assembly of said diffusion transition spool section; a connecting device for connecting said exit orifice assembly of said diffusion transition spool section to said throttling device; a riser pipe flange connection for connecting the diffusion transition spool section to the riser pipe, said riser pipe flange connection comprising an outlet, said outlet having an area equal to said feed orifice of said transition spool section; and an external downward pressure source for applying pressure on the throttling device and the diffusion transition spool section to minimize vertical stresses created by throttling on said riser pipe flange, wherein the oil flow enters through said feed orifice section and exits through said throttling device and wherein said throttling device is adjustably and gradually closeable to minimize said vertical stresses on said riser pipe flange.",1
8464594,"1. A gas nozzle measurement apparatus comprising: (a) a controllable gas source to provide across a gas plate having gas nozzles, a flow of gas at a constant pressure or constant flow rate; and (b) a sensor plate sized to cover an area comprising at least a portion of the front face of the gas plate, the sensor plate comprising gas flow sensors arranged in locations that correspond to positions of individual gas nozzles of the gas plate such that each gas flow sensor can measure a pressure, flow rate, density or velocity of a gas stream passing through the individual gas nozzle that faces a gas flow sensor, and generate a signal indicative of, or display, the pressure, flow rate, density or velocity of the gas stream passing through the individual gas nozzle.",1
9142351,"1. An electronic component comprising: an electronic component body; a first terminal electrode; a second terminal electrode; and a third terminal electrode; wherein the electronic component body includes first and second principal surfaces extending in a length direction and a width direction, first and second side surfaces extending in the length direction and a thickness direction, and first and second end surfaces extending in the width direction and the thickness direction; the first terminal electrode is provided on an end portion of the second principal surface on a side of the first end surface in the length direction, and extends from the second principal surface onto the first and second side surfaces and the first end surface such as not to reach the first principal surface; the second terminal electrode is provided on an end portion of the second principal surface on a side of the second end surface in the length direction, and extends from the second principal surface onto the first and second side surfaces and the second end surface such as not to reach the first principal surface; the third terminal electrode is provided on a portion of the second principal surface located between the first terminal electrode and the second terminal electrode in the length direction, and extends from the second principal surface onto the first and second side surfaces such as not to reach the first principal surface; and an area proportion of the first terminal electrode on the first end surface relative to the first end surface is higher than or equal to about 7% and lower than about 50%; an area proportion of the second terminal electrode on the second end surface relative to the second end surface is higher than or equal to about 7% and lower than about 50%; an area proportion of a total of each area of the first, second and third terminal electrodes on the first side surface relative to an entire area of the first side surface is higher than or equal to about 15% and lower than about 50%; the electronic component includes a plurality of first inner electrodes which are exposed at the second principal surface and connected to the first and second terminal electrodes at the second principal surface; and the plurality of first inner electrodes are spaced apart from both of the first and second end surfaces and are not connected to portions of the first and second terminal electrodes at the first and second end surfaces.",1
8962975,"1. A sealant composition for insulation of moisture sensitive devices, comprising: at least one ethylene-octene copolymer; a maleic anhydride modified polyolefin; an ethylene-vinyl acetate copolymer; at least one inert filler; at least one moisture scavenger; and at least one stabilizing or antioxidant preserving agent.",1
9701969,"1. A filamentous fungal host cell expression system, comprising: a. a fungal host cell containing in its chromosomal DNA a disruption in one or more components of non-homologous recombination (NHR) pathway, a first selectable marker that lacks a first selectable function, and a second selectable marker that is operative to confer a second selectable function, wherein said first selectable marker and said second selectable marker are different markers; and b. a nucleic acid molecule containing: (1) a sequence that, when introduced into said fungal host cell, confers said first selectable function to said first selectable marker, (2) a sequence operable to express one or more genes of interest, and (3) sequences upstream (5′) of b (1) and b (2) and sequences downstream (3′) of b (1) and b (2), wherein the upstream sequences have substantial homologies to sequences upstream (5′) of the first selectable marker and said second selectable marker in the host cell chromosomal DNA and wherein the downstream sequences have substantial homologies to sequences downstream (3′) of the first selectable marker and second selectable marker in the host cell chromosomal DNA: wherein said homologous sequences cause a homologous recombination event that results in a functional first selectable marker in the host cell chromosomal DNA, removal of said second selectable marker from the host cell chromosomal DNA, and expression of said gene of interest.",1
9839208,"1. A transgenic immunodeficient mouse having a genome comprising a nucleic acid encoding human signal regulatory protein alpha (SIRPα) operably linked to a SIRPα promoter, wherein the mouse expresses the human SIRPα.",1
9346766,"1. A method for the synthesis of N-protected 3,6-bis[4-aminoalkyl]-2,5-diketopiperazine comprising heating a solution comprising N-benzyloxycarbonyl-lysine and phosphorus pentoxide.",1
8846397,"1. A method of inducing an immunostimulatory effect in a T cell, the method comprising contacting the T cell with an antigen-presenting cell (“APC”) that has been contacted with or is in contact with a monovalent antibody against human immunoglobulin-like transcript 5 (“ILT-5”) or an antigen binding fragment of the antibody.",1
9657289,"1. A peptide having a secondary structure stabilized by a crosslinked structure, comprising at least one combination of a special amino acid represented by the following formula (II): wherein m represents an integer selected from 1 to 10 and x is selected from the group consisting of Cl, Br, I, —OSO 2 Me, a tosyl group, a nosyl group, and —OSO 2 —Ar—R and wherein, R is CH 3 , NO 2 , CF 3 , or H, and an amino acid having, in the side chain thereof, a sulfanyl group; and having the crosslinked structure formed through a thioether bond between the side chain of the special amino acid residue and the sulfanyl group.",0
9361120,"1. An apparatus comprising: at least one processor; a disk drive coupled to the at least one processor; a boot device coupled to the at least one processor, the boot device comprising a computer readable non-transitory storage that includes a boot image that comprises:",1
8497717,"1. A reference frequency generating device, comprising: a synchronizing circuit for controlling a digitally controlled oscillator with a first control signal acquired based on a reference signal; a detector for detecting an environmental value indicative of an environment where the digitally controlled oscillator is used; a memory unit for storing a correspondence relation between a control value of the first control signal and the environmental value when the first control signal is determined; and a controller for determining a second control signal based on the environmental value detected by the detector and the correspondence relation stored in the memory unit when the reference signal cannot be acquired, and controlling the digitally controlled oscillator based on the second control signal.",1
9179580,"1. A cooling apparatus, comprising: an outlet that supplies a chilled liquid to a data center; an inlet that receives return chilled liquid from the data center; a heat exchanger arranged downstream of the inlet that provides first cooling to the return chilled liquid; a chiller unit with an evaporator and a condenser, the evaporator arranged downstream of the heat exchanger with respect to the chilled liquid flow, the chiller unit configured to further cool the return chilled liquid to a predetermined temperature; a pressure difference sensor that measures a pressure difference between the chilled liquid supplied at the outlet and the return chilled liquid received at the inlet; a pump coupled between the heat exchanger and the evaporator that is configured to maintain a predetermined pressure difference between the chilled liquid supplied at the outlet and the return chilled liquid received at the inlet; a bypass line that connects the outlet of the evaporator to the inlet of the pump; control logic that is configured to control the chiller unit such that the return chilled liquid exiting the chiller unit is maintained at the predetermined temperature; and a liquid cooling loop that circulates a coolant; said cooling loop connecting the heat exchanger, the condenser, and a dry cooling tower in series; said cooling loop further comprising a bypass line arranged in parallel to the condenser.",1
9357480,"1. A method for selecting a network by a terminal, comprising: enabling, by a first network processing module, a circuit switched (CS) domain to camp on a first network; enabling, by a second network processing module, a packet switched (PS) domain to camp on a second network; wherein, signal coverage of the first network is better than that of the second network, and a data transmission rate of the second network is higher than that of the first network.",1
9636656,"1. A method comprising administering a photoacid compound to a biological environment, wherein the photoacid compound comprises a caged compound and a light absorbing moiety, the caged compound being caged with the light absorbing moiety having an absorption wavelength greater than or equal to 750 nm; and irradiating the biological environment to excite the light absorbing moiety with light at a wavelength in a range from 900-1100 nm, thus releasing the caged compound wherein the photoacid compound is represented according to formula (I): wherein: R 4 is the light-absorbing moiety presenting a hydroxyl group for interaction with the carbonyl oxygen of R 3 (CO)O, wherein the light-absorbing moiety is a substituted or unsubstituted polycyclic aromatic hydrocarbon containing 2 to 7 aromatic rings, a substituted or unsubstituted closed chain cyanine, or a substituted or unsubstituted hemicyanine, and wherein the hydroxyl group is covalently bonded to the polycyclic aromatic hydrocarbon or closed chain cyanine or hemicyanine and is ortho to X 1 ; R 3 is the caged compound, wherein the caged compound is substituted or unsubstituted alkyl, aryl, heteroaryl, aminoalkyl, or oxyalkyl moiety; X 1 is independently selected from the group consisting of C and O; m is between 0 and 3; and R",1
8574912,"1. A method for collecting particles of interest from each of a plurality of sample vials, comprising the steps of: (a) loading a plurality of sample vials containing particles of interest suspended in respective fluid samples into respective locations within a loading station; (b) removing an individual first sample vial from its respective location in the loading station; (c) transferring the individual first sample vial to a specimen collection apparatus; (d) collecting particles of interest from the individual first sample vial; (e) returning the individual first sample vial to its respective location in the loading station; and (f) repeating steps (b) through (e) for each remaining sample vial of the plurality to collect respective particles of interest until all of the sample vials have been processed.",1
9358498,"1. A mixed air removal device for removing air from a mixture gas of an organic gas and the air, the device comprising: a reservoir that reserves the mixture gas; a pressure container; a first pressure gauge that measures a pressure inside the pressure container; a pump that supplies the mixture gas from the reservoir to the pressure container; a first piping through which the reservoir and the pump are connected to each other; a second piping through which the pump and the pressure container are connected to each other; a membrane unit that comprises a gas separation membrane through which the organic gas permeates at a speed higher than that of air; a third piping through which a supply gas inlet of the membrane unit and the pressure container are connected to each other; a first valve provided in the third piping; and a controller, wherein with the first valve closed, the controller activates the pump to supply the mixture gas to the pressure container until a value measured by the first pressure gauge reaches a set upper limit value, and when the value measured by the first pressure gauge exceeds the set upper limit value, the controller opens the first valve to supply the mixture gas to the membrane unit.",1
9456567,"1. A hybrid maize variety X08D363 seed, wherein representative seed of said variety X08D363 is produced by crossing a first plant of variety PH12K5 with a second plant of variety PH1VKK, and wherein representative seed of said varieties PH12K5 and PH1VKK have been deposited under ATCC Accession Number PTA-11977 and PTA-122232, respectively.",1
8981592,"1. A transformer control device based on a three-dimensional zone diagram policy, comprising: a current input, a voltage input, a channel selector, a rectifier, a single-chip microcomputer, a data memory, an interrupt processor, a data buffer, and a keyboard display chip, wherein the transformer control device further comprises a first latch and a second latch, an output terminal of the current input is connected with a first input terminal of the channel selector, an output terminal of the voltage input is connected with a second input terminal of the channel selector, an output terminal of the channel selector is connected with an input terminal of the rectifier, an output terminal of the rectifier is connected with an input terminal of the first latch, an output terminal of the first latch is connected with an input terminal of the single-chip microcomputer, an input/output terminal of the single-chip microcomputer is connected with an input/output terminal of the second latch, an output terminal of the single-chip microcomputer is connected with a first input terminal of the data memory, an first output terminal of the second latch is connected with a second input terminal of the data memory, a second output terminal of the second latch is connected with an input terminal of the data buffer, a third output terminal of the second latch is connected with an input terminal of the keyboard display chip, and a fourth output terminal of the second latch is connected with an input/output terminal of the interrupt processor.",1
8992712,"1. A method of manufacturing electronic devices, the method comprising: providing a carrier substrate having a first side and a second side; providing a first flexible substrate; bonding the first flexible substrate to the first side of the carrier substrate with a first adhesive; and compensating for a deformation of the carrier substrate by coupling a mechanism to the second side of the carrier substrate, the deformation being caused by the bonding the first flexible substrate to the first side of the carrier substrate.",1
9852750,"1. A method of exposing a non-planar cross-section of a write-head pole structure composed of a first material, the method comprising: depositing a protective overcoat layer of a second material on said write-head pole structure, said protective overcoat layer coating the exterior of the write-head pole structure, said second material having ion beam mill rates at higher incidence angles that do not closely approximate the ion beam mill rates of the first material at the same incidence angles, the difference in the ion beam mill rates of the first material and the second material being due to different material properties of the first material and second material; directing an ion beam at the write-head pole structure; exposing, by means of milling the write-head pole structure using the ion beam, a cross-section of the write-head pole structure; and producing, by means of milling the write-head pole structure using the ion beam, a non-planar face on said exposed cross-section; in which the second material is elemental tungsten.",1
9816526,"1. A wall ring for a fan having a fan wheel, comprising at least one heating element for heating the wall ring; wherein the heating element comprises an electrically conductive heating layer that is disposed on an inner side of the wall ring that faces the fan wheel; wherein the electrically conductive heating layer of the heating element is configured as an electrically conductive CNT lacquer having carbon nano-materials; and wherein the heating element has contact elements on side edges that run in the axial direction, so that the direction of a current flowing through the heating element faces in the circumferential direction of the wall ring.",1
8781017,"1. A wireless device, comprising: circuitry to calculate a beamforming feedback matrix for a beamformer, the circuitry to determine a time delay between a feedback request sent to a beamformee and a feedback response received from the beamformee over a multi-carrier communications channel of a wireless local area network (WLAN), the feedback response to include information to calculate the beamforming feedback matrix for transmit beamforming, the circuitry to determine whether to use the information in the feedback response to calculate the beamforming feedback matrix based on the time delay.",1
9551351,"1. A compression device comprising: at least a first compressor and a second compressor mounted in parallel, each of the first compressor and the second compressor comprising a leakproof enclosure including a low pressure portion containing a motor and an oil sump, an oil level equalization conduit putting into communication the oil sump of the first compressor and the oil sump of the second compressor, the oil level equalization conduit including a first end portion connected to the oil sump of the first compressor and a second end portion connected to the oil sump of the second compressor, the oil level equalization conduit being configured to equalize oil levels in the oil sump of the first compressor and the oil sump of the second compressor, and a controller configured to control starting and stopping of the first compressor and the second compressor, wherein the first compressor is a variable-capacity compressor, and the second compressor is a fixed-capacity compressor, the first compressor comprises a first detector coupled with the controller, the first detector being configured to detect an oil level in the oil sump of the first compressor, the controller is configured to (i) control the stopping of the second compressor when the oil level in the oil sump of the first compressor detected by the first detector falls below a first predetermined value, and (ii) control an increase in capacity of the first compressor when the oil level in the oil sump of the first compressor detected by the first detector falls below the first predetermined value, and wherein the oil level equalization conduit includes at least a first end portion protruding inside the enclosure of a first one of the first compressor and the second compressor, the first end portion including an end wall extending transversely to a longitudinal direction of said first end portion and an aperture arranged above said end wall so that, when the oil level in the oil sump of the compressor in which the first end portion protrudes extends above an upper level of said end wall, oil flows through said aperture towards a second one of the first compressor and the second compressor.",1
8455693,"1. A process for preparing 2-(2-tert-butylaminoethoxy)ethanol (tert-butylamino-diglycol, TBADG) by reacting diethylene glycol (DG) with tert-butylamine (TBA) in the presence of hydrogen and of a copper catalyst, which comprises effecting the reaction at a temperature in the range from 160 to 220° C. in the presence of a copper- and aluminum oxide-containing catalyst, where the catalytically active material of the catalyst, before the reduction thereof with hydrogen, comprises 20 to 75% by weight of aluminum oxide (Al 20 to 75% by weight of oxygen compounds of copper, calculated as CuO, and ≦5% by weight of oxygen compounds of nickel, calculated as NiO.",1
8993711,"1. An electronic, optical or optoelectronic device comprising a polymeric semiconductor component, wherein the polymeric semiconductor component comprises a polymer comprising a repeating unit of formula (I): wherein R a is a linear C 1-40 alkyl or haloalkyl group or a branched C 3-40 alkyl or haloalkyl group, provided that at least one of R a is selected from wherein R wherein the polymer has an average molecular weight in the range of about 3,000 to about 300,000.",1
8868315,"1. A method for estimating a temperature calibration of a vehicle, the method comprising: determining, by a computing device, a current speed of the vehicle; determining a dynamic smoothing number, the dynamic smoothing number being dependent on the current speed; calculating an estimated temperature of an air injection system from the dynamic smoothing number; determining whether the estimated temperature is greater than a predetermined temperature of the air injection system; and in response to determining that the estimated temperature is greater than the predetermined temperature of the air injection system, sending a signal for on-board diagnostics to resume at a next start.",0
9576791,"1. A semiconductor device comprising: a semiconductor structure; an electrically semi-insulating passivation layer overlying the semiconductor structure, the electrically semi-insulating passivation layer comprising a silicon nitride material having a nitrogen to silicon ratio of between 0.3 to 0.38; and an electrically substantially fully insulating passivation layer overlying the electrically semi-insulating passivation layer, the electrically substantially fully insulating passivation layer comprising a silicon nitride material having a nitrogen to silicon ratio of between 0.9 to 1.1.",1
8914300,"1. An apparatus operable in an industrial automation environment, the apparatus comprising: a memory that retains instructions that at least: a processor, coupled to the memory, configured to facilitate execution of the instructions retained in the memory.",1
8393398,"1. A device for inhibiting severe slug flow in a multiphase fluid stream flowing through a subsea pipeline and into a riser, wherein the device is positioned upstream of the riser and comprises at least one unit comprising (i) an upwardly inclined section of pipe having a lower end and an upper end and (ii) either a substantially horizontal section of pipe having a first end and a second end or a downwardly inclined section of pipe having an upper end and a lower end, wherein the lower end of the upwardly inclined section of pipe is connected either directly or indirectly with the pipeline, the upper end of the upwardly inclined section of pipe is connected either directly or indirectly with the first end of the horizontal section of pipe or with the upper end of the downwardly inclined section of pipe, and the second end of the horizontal section of pipe or the lower end of the downwardly inclined section of pipe is connected either directly or indirectly with the riser, and wherein the angle of inclination of the upwardly inclined section of pipe is in the range 5 to 90° to the horizontal, and the length of the upwardly inclined section of pipe is in the range 1 to 30 feet so that the device causes the multiphase flow to create a liquid slug in the upwardly inclined section of the pipe to cause gas from the multiphase flow to accumulate upstream of the liquid slug until pressure in the gas is sufficient to move the liquid slug downstream along the pipeline.",1
9163258,"1. A method of eliminating adipocytes in a subject, comprising administering a therapeutically effective amount of a composition comprising isolated T lymphocytes modified to express a target specific chimeric antigen receptor, wherein the target is a cell surface antigen preferentially expressed on an adipocyte.",1
8391016,"1. An article comprising: a solder cap disposed upon a solder bump, wherein the solder cap includes a network of carbon nanotubes dispersed therein; and a bonding pad disposed below and in contact with the solder bump.",1
9662950,"1. An energy storing suspension component in combination with a bushing comprising: an energy storing suspension component comprising: an axle seat portion, an end configured to include an eye, and a limb extending between the axle seat portion and the end, wherein the limb comprises a first taper wherein the limb decreases in width as the limb extends toward the end, a second taper wherein the limb decreases in thickness as the limb extends toward the end, wherein along the limb there is at least a portion where both the first taper and second taper are present, and a third taper that is further from the axle seat portion than the first taper and wherein the limb increases in width as the limb extends toward the end, wherein the energy storing suspension component has a lower lateral spring rate than vertical spring rate; a bushing having a high radial to axial rate ratio; the bushing further comprising a central body and at least one rate ring portion having two or more pieces, and a continuous cylindrical outer can, with at least one first elastomeric member disposed between the central body and the at least one rate ring portion, and at least one second elastomeric member disposed between the at least one rate ring portion and the outer can; and wherein the central body, at least one first elastomeric member, at least one rate ring portion and at least one second elastomeric member have been pre-compressed and received by the continuous cylindrical outer can prior to the bushing being received by the eye of the energy storing suspension component.",1
9062842,"1. A lighting device for a street lamp comprising: a base member that is formed at an upper side of a street lamp body arranged above a ground surface; a plurality of luminous element units, which are comprised of at least one luminous element, and are arranged on the bottom surface of the base member; and a plurality of reflection units, which are arranged to be adjacent to the luminous element units, and are arranged mutually isolated from each other by a predetermined distance on the bottom surface of the base member to diffuse light radiated from the luminous element units in multiple directions, wherein the reflection unit comprises: a first reflection section, which is arranged to be isolated from any one luminous element unit among the luminous element units by a predetermined distance, and formed to surround only one part of the luminous element unit such that at least one part of light radiated from the luminous element unit is reflected by the reflection units that are adjacently positioned in a first direction; and a second reflection section, which is formed to be slanted at a certain angle from the base member to diffuse light in multiple directions by being reflected by the reflection units, which are adjacently positioned in a second direction, opposite the first direction, wherein the first reflection section comprises: a diffusion section, which is formed in an arc shape so that a center part and a side part of the luminous element unit correspond to each other; and an extension section, which extends from one end of the diffusion section by a predetermined length; and the second reflection section is formed into one body with the first reflection section, and is a slanted surface formed to be downwardly slanted at a certain angle toward the second direction.",1
9115037,"1. A process for removing dimethylether from an olefin stream comprising dimethylether, comprising: a) providing to an oxygenate recovery zone the olefin stream comprising dimethylether and a methanol-comprising solvent, treating the olefin stream comprising dimethylether with the methanol comprising solvent, and retrieving at least a dimethylether-depleted, methanol-comprising olefin stream; and b) providing to the oxygenate recovery zone a non-aqueous C2 to C4 alcohol solvent and treating the dimethylether-depleted, methanol-comprising olefin stream with the non-aqueous C2 to C4 alcohol solvent, and retrieving from the oxygenate recovery zone at least an olefinic product that is depleted in dimethylether and methanol and a spent solvent comprising at least one C2 to C4 alcohol and methanol.",1
8476298,"1. A compound of formula A-B-C, or a pharmaceutically acceptable salt, hydrate, or prodrug thereof, wherein: A is: B is: and C is: and wherein: R q is 0 to 2; each R A A R E Q is a five- to ten-membered ring system, optionally substituted with between zero and four of R R",1
9009379,"1. An electronic system comprising: an integrated circuit comprising a plurality of non-MIPI (Mobile Industry Processor Interface) interfaces; a clock-lane resistor network connected to a first set of one or more non-MIPI interfaces of the integrated circuit, wherein the clock-lane resistor network enables the first set to be connected, via the clock-lane resistor network, to and communicate with a MIPI-compliant device via a clock lane; and a first data-lane resistor network connected to a second set of one or more non-MIPI interfaces of the integrated circuit, wherein the first data-lane resistor network enables the second set to be connected, via the first data-lane resistor network, to and communicate with the MIPI-compliant device via a first data lane, wherein:",1
8922805,"1. An image processing apparatus comprising a main control unit and a sub control unit, the image processing apparatus comprising: a power control unit configured to control the image processing apparatus operating in either of a first power mode or a second power mode, wherein the main control unit is operative to receive a job transmitted from an external apparatus and power is supplied to the sub control unit in the first power mode, and the main control unit is operative to receive a job transmitted from an external apparatus and power is not supplied to the sub control unit in the second power mode; an update unit configured to update firmware of the image processing apparatus; a specifying unit configured to specify firmware subject to update; a detection unit configured to detect in a case where a shifting condition for shifting from the first power mode to the second power mode is satisfied; wherein the update unit updates firmware of the sub control unit according to the detection unit having detected that the shifting condition is satisfied, if the firmware subject to update specified by the specifying unit is not firmware of the main control unit but firmware of the sub control unit; and wherein the power control unit causes the image processing apparatus to shift from the first power mode to the second power mode according to completion of the update of the firmware of the sub control unit performed by the update unit if the firmware subject to update specified by the specifying unit is not firmware of the main control unit but firmware of the sub control unit.",1
9682915,"1. A method for producing a methacrylic acid ester, which comprises the following steps: a dehydration reaction step: a step of having acetone undergo a dehydration reaction in the presence of a dehydration reaction catalyst to obtain a reaction mixture containing propyne, propadiene, and water; a propyne/propadiene separation step: a step of separating a mixture containing propyne and propadiene as main components from the reaction mixture obtained in the dehydration reaction step; a propyne purification step: a step of separating the mixture containing propyne and propadiene as main components separated in the propyne/propadiene separation step into a liquid, gas, or gas-liquid mixture containing propyne as a main component, and a liquid, gas, or gas-liquid mixture containing propadiene as a main component; and a carbonylation reaction step: a step of bringing the liquid, gas, or gas-liquid mixture containing propyne as a main component obtained in the propyne purification step into contact with carbon monoxide and an alcohol having 1 to 3 carbon atoms in the presence of a catalyst containing at least one selected from the group consisting of Group 8 metal elements, Group 9 metal elements, and Group 10 metal elements to obtain a methacrylic acid ester; and wherein the dehydration reaction catalyst is a catalyst containing silicon and at least one selected from the group consisting of Group 1 metal elements and Group 2 metal elements.",1
9172436,"1. A wireless power transfer device comprising: a power transmitter including a power transmission resonator composed of a power transmission coil and a resonant capacitance; a power receiver including a power receiving resonator composed of a power receiving coil and a resonant capacitance; and a power-transmission auxiliary device including an auxiliary resonator composed of an auxiliary coil and a resonant capacitance, thereby transferring power from the power transmitter to the power receiver through magnetic field resonance between the power transmission coil and the power receiving coil, wherein the power-transmission auxiliary device and the power transmitter are configured to be disposed so as to face each other, forming a power receiving space for disposing the power receiving coil between the power transmission coil and the auxiliary coil, a resonant frequency ft of a power transmission-side resonant system composed of the power transmission resonator and the auxiliary resonator appears as two resonant frequencies of a lower resonant frequency ftL and a higher resonant frequency ftH by a close coupling between the power transmission resonator and the auxiliary resonator, and a resonant frequency f",1
9095165,"1. A method for treating an adult disease, comprising administering a composition consisting essentially of 5-aminolevulinic acid (ALA), its ester derivative or acyl derivative, or a salt thereof to a subject in need thereof, wherein adult disease is diabetes.",1
9627579,"1. An LED device capable of emitting electromagnetic radiation ranging from about 200 nm to 365 nm, the device comprising: a substrate member, the substrate member being selected from sapphire, silicon, quartz, gallium nitride, gallium aluminum nitride, or others; a sloped mesa region; an active region overlying the substrate region, the active region comprising a light emitting spatial region comprising a p-n junction, the light emitting spatial region configured with the sloped mesa region such that a ratio of the sloped mesa region to the light emitting spatial region ranges from 1 to 4, the light emitting spatial region characterized by a concentrated current region; an optical structure spatially disposed separate and apart the light emitting spatial region and is configured to facilitate light extraction from the active region.",1
9586489,"1. A battery pack discharging device, comprising: a hand-held member having a handle portion, first and second extension members, first and second guide tabs, first and second conductive members and a resistor electrically coupled between the first and second conductive members, the handle portion and the first and second extension members extending from the handle portion in a first direction, the resistor being disposed in the handle portion, the first and second guide tabs extending from the handle portion in the first direction, the first and second guide tabs being disposed proximate to first and second sides, respectively, of the first extension member, the hand-held member having at least one aperture extending therethrough such that airflow through the aperture cools the resistor; and a docking station having a housing and first and second contact members disposed in the housing, the housing having first and second apertures extending therethrough, the hand-held member configured to be at least partially disposed in the first and second apertures, respectively, of the housing such that the first and second conductive members contact the first and second contact members, respectively, for discharging a battery pack.",1
8692683,"1. An electronic device comprising: an illuminable indicator to indicate information to a user of the electronic device by one or more of being illuminated and not being illuminated; a presence detector to detect presence of the user in proximity to the electronic device regardless of whether the user is moving or is stationary, where absence of the user is to be inferred upon the presence detector not detecting the presence of the user; a controller to enable the illuminable indicator based at least on the presence of the user as detected by the presence detector and to disable the illuminable indictor based at least on the absence of the user, wherein enablement of the illuminable indicator does not mean that the illuminable indicator is necessarily illuminated, and wherein disablement of the illuminable indicator means that the illuminable indicator is never illuminated while disabled, regardless of whether the information should otherwise result in the illuminable indicator being illuminated.",1
9853655,"1. A method comprising: controlling a first set of switches to deliver a first voltage signal through a first set of capacitors to a common node; controlling a second set of switches to deliver a second voltage signal through a second set of capacitors to the common node, wherein the first set of capacitors is electrically connected to the second set of capacitors by the common node, and wherein the second voltage signal includes an opposing polarity to the first voltage signal; and measuring a time duration to discharge the common node.",1
9070849,"1. A method comprising: first attaching a plurality of side-emitting light emitting diodes to a first plate; second attaching said plurality of side-emitting light emitting diodes to a second plate; creating a pattern of reflective surfaces between said first and second plates; and removing a substrate connected to the first plate attached to said plurality of side-emitting light emitting diodes; wherein said reflective surfaces are configured to reflect light from said plurality of side-emitting light emitting diodes through at least one of said plates, and wherein said first and second attaching and said creating form a light emitting diode apparatus.",1
9854490,"1. User Equipment (UE) to mitigate inter-cell interference, comprising: Rank Indicator (RI) generation circuitry to generate one or more RIs based on a received Channel State Information (CSI) configuration from an evolved Node B (eNB) of a serving cell of said UE; RI Reference Process CSI generation circuitry to generate a first reference CSI comprising a first selected RI of said one or more RIs, said first selection based on a first subframe set of said received CSI configuration, and to generate a second reference CSI comprising a second selected RI of said one or more RIs, said second selection based on a second subframe set of said received CSI configuration; Linked Process CSI generation circuitry to periodically generate a linked CSI comprising an inherited RI from said first reference CSI, said Linked Process CSI generation circuitry further comprising Channel Quality Indicator (CQI) generation circuitry to measure channel quality and signal strength, relative to interference plus noise, associated with received signals and generate a CQI based on said signal measurements and said inherited RI; and a transmission circuit to transmit at least said RI, CSI and CQI to a network controller for a network including at least said UE for use in mitigating said inter-cell interference.",1
8765576,"1. A method of manufacturing a laminated substrate, comprising: forming an oxide film on at least a surface of a first substrate having a hardness of equal to or more than 150 GPa in Young's modulus; smoothing the oxide film by mechanically and chemically polishing a surface of the oxide film such that a surface roughness of the oxide film is equal to or less than 0.5 nm rms; implanting hydrogen ions or rare gas ions, or mixed gas ions thereof from a surface of a second substrate to form an ion-implanted layer inside the substrate; laminating the first substrate and the second substrate through at least the oxide film, and then detaching the second substrate in the ion-implanted layer to form a laminated substrate; and heat-treating the laminated substrate and diffusing outwardly the oxide film, such that a thickness of the oxide film is reduced to a minimum thickness required to compensate for a roughness of the surface of the first substrate, such that the surface of the oxide film is at substantially the same elevation as the highest peak of the surface of the first substrate.",1
8914515,"1. A computer usable program product comprising a computer usable storage device including computer usable code for cloud optimization using workload analysis, the computer usable code comprising: computer usable code for identifying, using a processor and a memory, an architecture of a workload received for execution in a cloud computing environment, the cloud computing environment including a set of cloud computing resources; computer usable code for identifying and marking a section of the workload for static analysis; computer usable code for performing static analysis on the section to determine a characteristic of instructions in the workload, wherein the characteristic of the instructions is discernible from the workload without executing the workload, wherein the characteristic of the instructions is indicative of a certain type of resource that should be used for executing the instructions, wherein the characteristic of the instructions in the workload comprises one of (i) an instruction set architecture (ISA) used in the workload, (ii) a level of complexity of branch prediction in the instructions in the workload, (iii) a type of the instructions in a binary code of the workload, (iv) an indication of cache intensive nature of the workload, and (v) an indication of floating point intensive operations being present in the workload; computer usable code for selecting a subset of the set of cloud computing resources, such that a cloud computing resource in the subset is available for allocating to the workload and has a characteristic that matches the characteristic of the instructions in the workload as determined from the static analysis; and computer usable code for suggesting the subset of cloud computing resources to a job scheduler for scheduling the workload for execution.",0
8575124,"1. A method for treating a cancer in a subject, the method comprising: sequencing a nucleic acid found in a normal cell of a subject, thereby obtaining a wild-type sequence; sequencing a nucleic acid found in a cancerous or pre-cancerous cell of the subject, thereby obtaining a mutated sequence; comparing the wild-type sequence and the mutated sequence, thereby determining a difference between the wild-type sequence and the mutated sequence; administering to the subject a first nucleic acid probe coupled to a prodrug of a chemotherapeutic agent and a second nucleic acid probe coupled to an activating agent; wherein the probes hybridize to a first portion and a second portion that are identical in both the wild-type sequence and the mutated sequence; wherein the first and second portions in the wild-type sequence are not within sufficient proximity of each other for the activating agent to convert the prodrug to an active form of the chemotherapeutic agent; and wherein the first and second portions in the mutated sequence are within sufficient proximity of each other for the activating agent to convert the prodrug to an active form of the chemotherapeutic agent, thereby providing targeted delivery of the chemotherapeutic agent to the cancerous or pre-cancerous cell in the subject.",1
8596438,"1. An electronically controlled fluid coupling device for a fan comprising: an output member including a center shaft member; an input member bearing mounted around said output member, said input member comprising a body member and a cover member; a stationary housing member bearing mounted to said input member; a rotor member mounted to said output member and contained within said cover member and said body member, said body member and said rotor member defining a working chamber; a reservoir plate member mounted to said input member and housing a fluid aperture therein; a fluid reservoir defined between said reservoir plate and said body member, said fluid reservoir having a quantity of viscous fluid; a fluid chamber defined between said reservoir plate and said rotor member, said fluid chamber fluidically coupled to said working chamber and fluidically coupled to said fluid reservoir; a scavenge passageway which facilitates the flow of viscous fluid from said working chamber to said fluid chamber; an armature valve member coupled to said input member, said armature valve member axially moveable to any of an infinite number of positions between a first position, a midlevel position, and a second position; said armature member opening and closing the fluid flow path from said scavenge passageway to said fluid reservoir; said moveable armature valve member capable of covering said fluid aperture when said armature valve member is in said second position, therein preventing flow of said quantity of viscous fluid from said fluid reservoir to said fluid chamber, said armature valve member capable of partially covering said fluid aperture when said armature valve member is in said midlevel position, therein allowing partial flow of said quantity of viscous fluid from said fluid reservoir to said working chamber to partially engage said rotor and said output member, and said armature valve member capable of substantially uncovering said fluid aperture when said armature valve member is in said first position, thereby allowing full flow of viscous fluid between said scavenge passageway and said fluid reservoir; an electromagnetic subassembly mounted to said stationary housing member; a power source electrically coupled to said electromagnetic subassembly; and a controller electrically coupled to said power source, said controller directing said power source to provide an electrical current to said electromagnetic subassembly, wherein said electromagnetic subassembly induces a magnetic field in response to said electrical current, wherein said armature valve member can move axially from said first position to said midlevel position to said second position depending upon the strength of said magnetic field; wherein the operation and speed of the fan are controlled without a wire tether member.",1
9291245,"1. An automatic transmission for a vehicle, comprising: an input shaft; an output shaft; a first planetary gear set including three rotational elements of a sun gear, a ring gear and a pinion carrier which are defined as a first element, a second element and a third element; a second planetary gear set including three rotational elements of a sun gear, a ring gear and a pinion carrier which are defined as a fourth element, a fifth element and a sixth element; a third planetary gear set including three rotational elements of a sun gear, a ring gear and a pinion carrier which are defined as a seventh element, an eighth element and a ninth element; a fourth planetary gear set including three rotational elements of a sun gear, a ring gear and a pinion carrier which are defined as a tenth element, an eleventh element and a twelfth element; and six friction engagement elements of a first brake, a second brake, a first clutch, a second clutch, a third clutch and a fourth clutch, wherein: the first planetary gear set is configured to integrally rotate by an engagement of the first clutch, the first element is coupled with the fifth element, the second element is configured to be locked through the first brake to a stationary section and configured to be coupled through the second clutch with the ninth element, the third element is coupled with the input shaft, the fourth element is configured to be coupled through the third clutch with the ninth element, the sixth element is locked to the stationary section, the seventh element is configured to be locked through the second brake to the stationary section, the eighth element is coupled with the output shaft, the ninth element is coupled with the twelfth element, the tenth element is configured to be coupled through the fourth clutch with the output shaft, and the eleventh element is coupled with the input shaft.",1
9588707,"1. A method for object storage in a networked storage environment, the method comprising the processes of: organizing a plurality of memory devices in a networked storage environment into a plurality of pods, each pod having a predetermined number of the memory devices; selecting a first pod in the plurality of pods as an active pod, wherein the active pod is in a read-write configuration such that all written data in the networked storage environment is written to the active pod and is replicated among all of the memory devices in the active pod; delegating a second pod in the plurality of pods as one of a set of deactivated pods, wherein each deactivated pod in the set of deactivated pods includes a designated memory storage device in a read-only configuration and a set of remainder memory storage devices in a deactivated state such that all read requests for objects contained in the deactivated pod are serviced by the designated memory storage device; and reclassifying, in response to an event, the second pod as the active pod and the first pod as one of the set of deactivated pods, wherein the number of remainder memory storage devices in a deactivated state is at least one and at most represented by the formula: where S is the number of the memory devices in the plurality of memory devices and R is a number of data replicas among all memory devices in a pod of the plurality of pods, and where S is greater than R.",1
9804568,"1. A microsystem for setting the rate of a timepiece oscillator, comprising at least one wheel/inertia block arranged to pivot with respect to a base plate comprised in said microsystem, said wheel/inertia block comprising an off-centre unbalance and comprising a toothing, said microsystem comprising at least one actuator arranged to drive at least a first active click formed by a click arranged to drive a control wheel, a lever, or a click wheel, said active click being arranged to drive said toothing, and said microsystem comprising at least one means for stopping said toothing in position, wherein at least one said actuator is an optically controlled thermomechanical actuator arranged to convert a flow of light energy into a displacement of a control member comprised in said thermomechanical actuator, which control member carries a said first active click or directly controls a movement of a first said active click.",1
9212605,"1. A drive apparatus for a vehicle auxiliary device, the apparatus comprising: a first drive source having a first rotary shaft; a second drive source having a second rotary shaft, the second drive source being different from the first drive source; at least one auxiliary device having a third rotary shaft, and selectively driven by the first drive source and the second drive source; a first roller linked to the first rotary shaft of the first drive source; a second roller linked to the second rotary shaft of the second drive source; a third roller linked to the third rotary shaft of the auxiliary device; first, second and third idler rollers disposed at positions in gaps formed between the first, second and third rollers; and a roller pair selection mechanism movably arranged to an position that selects a power-transmitting roller pair from among the first, second and third rollers by moving an idler roller in a roller contact direction.",1
9627826,"1. A power connector assembly comprising: a cable comprising a plurality of wires; an insulative housing; and a plurality of electrical contacts received in the insulative housing, the plurality of electrical contacts comprising at least one detection contact and a plurality of contacts, each of the plurality of contacts comprising a pair of mating portions disposed face to face and spaced apart from each other along a vertical direction, a pair of middle portions extending rearwardly from the mating portions respectively, a connecting portion connected with the pair of middle portions, and a first soldering portion connected with a rear side of the connecting portion, the at least one detection contact comprising a second soldering portion; wherein each of the first soldering portions and the second soldering portion comprises a soldering area soldered to a respective one of the wires, and all of the soldering areas are disposed at a common horizontal plane, arranged in a straight line, and soldered to corresponding wires at same time.",1
9265209,"1. A pepper plant comprising at least a first set of the chromosomes of pepper line HJA-FD-1188 or pepper line HJA-114-1061, a sample of seed of said lines having been deposited under ATCC Accession Number PTA-120663 and ATCC Accession Number PTA-120664, respectively.",1
